<?xml version="1.0"?>
<Landscape updated="2025-09-04T00:44:22Z" version="1" generator="SAP GUI for Windows v7700.1.12.155"><Workspaces><Workspace uuid="4df03734-541f-41dd-ac89-fc7b7baa8945" name="SK플래닛"><Item uuid="be02679c-8bc5-49f8-a32d-63b278f4afe6" serviceid="50557a7f-9650-4361-a46a-e0d04081f053"/><Item uuid="df894051-3320-4a26-ae16-849e57e39415" serviceid="c3bf07ed-1765-45a5-8fdd-eb0b195afa70"/><Item uuid="85567fa8-ea0e-4fae-a54a-d411712bebef" serviceid="e4489db3-9592-41df-a558-387151c9aa26"/></Workspace><Workspace uuid="df34876f-90e7-4c87-b88d-e1f6a4e6fea4" name="EhP 테스트 시스템"><Item uuid="a6d2faad-1268-40a0-acec-5a015213784e" serviceid="db744008-d09f-4462-a1b8-9dc03a3b06a5"/></Workspace></Workspaces><Services><Service type="SAPGUI" uuid="50557a7f-9650-4361-a46a-e0d04081f053" name="SKP(개발)" systemid="PED" mode="1" server="10.40.30.165:3210" sncop="-1" dcpg="1"><Memo xml:space="preserve">moonhrd
Biztechi123!

HRmoon76!</Memo></Service><Service type="SAPGUI" uuid="c3bf07ed-1765-45a5-8fdd-eb0b195afa70" name="SKP(QA)" systemid="PEQ" mode="1" server="10.40.30.166:3220" sncop="-1" dcpg="1"><Memo xml:space="preserve">moonhrd
Biztechi123!

HRmoon76!</Memo></Service><Service type="SAPGUI" uuid="e4489db3-9592-41df-a558-387151c9aa26" name="SKP(운영)" systemid="PEP" mode="1" server="10.40.30.164:3200" sncop="-1" dcpg="1"><Memo xml:space="preserve">moonhrd
Biztechi123!

HRmoon76!</Memo></Service><Service type="SAPGUI" uuid="db744008-d09f-4462-a1b8-9dc03a3b06a5" name="PED [10.40.149.47]" systemid="PED" mode="1" server="10.40.149.47:3210" sncop="-1" dcpg="2"><Memo xml:space="preserve">moonhrd
Biztechi123!

PARKEHH
qwert1234%</Memo></Service></Services><Includes><Include url="file:///C:/Users/Administrator/AppData/Roaming/SAP/Common/SAPUILandscapeGlobal.xml" index="0" description="SAP Reserved"/></Includes></Landscape>
